{
    "realm": "backbase",
    "users": [
        {
            "username": "admin",
            "enabled": true,
            "credentials": [
                {
                    "type": "password",
                    "value": "admin",
                    "temporary": "false"
                }
            ],
            "realmRoles": [
                "ROLE_ADMIN",
                "ROLE_group_admin(ADMIN)"
            ]
        },
        {
            "username": "user",
            "enabled": true,
            "credentials": [
                {
                    "type": "password",
                    "value": "user",
                    "temporary": "false"
                }
            ],
            "realmRoles": [
                "ROLE_group_user(USER)"
            ]
        },
        {
            "username": "manager",
            "enabled": true,
            "credentials": [
                {
                    "type": "password",
                    "value": "manager",
                    "temporary": "false"
                }
            ],
            "realmRoles": [
                "ROLE_group_manager(MANAGER)"
            ]
        }
    ]
}